aweme_id,desc,create_time,images,thumb
7138787392965643532,来队友，来cp，把我姐妹带走~#和平精英 #吃鸡舞蹈秀 #跟你的姐妹一起拍,1662128470,,['0b21a6d438f08dc7daf046c31278092b.jpeg']
7139372267670179084,那你呢，也觉得遇见我是件很幸运的事吗？#和平精英,1662264648,,['99013db38326db69503d6396b0120c55.jpeg']
7152099022239550732,#和平精英 #吃鸡舞蹈秀,1665227828,,['afc4a6b674f37b7eb47ad4a240d52ebf.jpeg']
7153883512490265889,,1665643313,,['f4a3ecc6bd072c0e15642a8115dcc0ca.jpeg']
7163491936446221607,#和平精英,1667880450,,['f86e343336d1290b98914fd499c70151.jpeg']
7163957328956493067,#和平精英,1667988802,,['416d2849be049f38979cf63bb22ca036.jpeg']
7169604167764364583,来雨林双排打散一对是一对🌝 #游戏日常 #一起打卡小美好,1669303559,,['815b27b83a6218075191e96d02e6dcae.jpeg']
7175433769464204577,有我这样的队友，你几点上号？#我的最佳队友 #和平精英,1670660873,,['287a34e651f93d5162e78101883b8416.jpeg']
7179581945427397926,Nobody but me can make me safe 。#和平精英,1671626695,,['0183c6b8ab326aacdc31e3730a15cfd1.jpeg']
7182086408415218977,#和平精英家园模式 #和平精英,1672209818,,['3e0fca65987f3afacdb8dfac2531d4ec.jpeg']
7187293093538827531,那些念念不忘的人，在念念不忘中被遗忘。#和平精英,1673422089,,['26292b9f4a1111f8577fe10e8dc86054.jpeg']
7197282726830034179,打游戏你们喜欢蠢萌的女生还是旗鼓相当的？#和平精英 #和平精英舞蹈秀,1675747985,,['b301bf1c50e56e1bd6dec3bf787197cd.jpeg']
7199898878458481959,送君茉莉，愿君莫离。#和平精英仙剑奇侠传 #和平精英舞蹈秀 #仙气十足,1676357098,,['a6fb6b5e3cc0033e3e3bf917abd35e90.jpeg']
7205041474705181964,#和平精英 #游戏要和有趣的人一起玩,1677554459,,['7f4ec052d4d9cdfee9e280357b4fd9de.jpeg']
7210655232454397222,,1678861511,,['f97d21661bc41f13ecd590feca9bdcd5.jpeg']
7226805893856283907,谢谢大家，我真的好想说我不配啊。师父让我不忘初心，我在想我直播的初心是什么。一开始是热爱电竞，从lol到和平精英，后面做了电竞老师，后来为了亲人生病兼职直播挣钱，后来遇到了师父。初心是一开始的目的吗？如果回到最初，我希望尽我所能通过游戏给大家带去快乐和陪伴。我是个懂得感恩的女孩子，大家不用教我感恩，这是我刻在骨子里的东西，不会忘记我现在的师父，也不会忘记以前的师父。饮水思源，谢谢大家，我张君雅也不知道说啥了，一句牛b送给大家吧，哈哈哈哈,1682621943,,['7786d3385e8405244675a3acc23f06c3.jpeg']
7227420864394956044,,1682765060,,['0bd48a2baa11f83dd6402b944e6e3f80.jpeg']
7247196137751416067,祝大家端午安康,1687369380,"['088bf55d0e0ce1e59cf6d55992c70252.webp', '5f6a21f3e70269cac8254ecf0058308e.webp']",['0afdd491704a1048e282e794f358c28e.jpeg']
7250043577139547403,路匹的小姐姐说去帮我要关注，让我等她，她给我拍视频😂,1688032321,,['dbfcf648b954db1f79f8de4a6376bd41.jpeg']
7253882584172727585,你为什么喜欢张君雅呢？,1688926242,['c5e4cc9cada0364a576194b7ebcf4bf8.webp'],['31d573b5053b34ea1ac96121e54af156.jpeg']
7256877984840191271,这是我喜欢的女主播名字，她长得漂亮，心地善良，幽默风趣，才艺多多，编不下去,1689623644,,['e32d7df127b68132f3cb6b4ec4d7419b.jpeg']
7260553596696038719,不会有人没有叭🌝#成都大运会,1690479384,,['ddba7b4e65970f43a5e0a4dc34b8e95d.jpeg']
7261986966361689380,走啦，就走啦！以后会更好的对吧！,1690813110,['2e24cb6d6618772c3dbc4dd132abb04c.webp'],['cd1f4861d40f083061ddf44d273860ef.jpeg']
7264498965226327308,耳朵痛了几天，不敢去医院太麻烦啦。。。诊所大夫说发炎了，让我别去碰了。我还没开始就要退役了么，5555…,1691397976,['d2dac365b7ac70783e2a2478efd9caa7.webp'],['d5571f9650d20d6fa85e11801cc7da51.jpeg']
7268594825438563595,可是我不配😂😂😂,1692351617,,['fafb9af65e64bf6297269a6fecb95d1a.jpeg']
7269328142983122215,@张君雅1v4 @国家反诈中心,1692522363,,['cc0422a5b90f70c0cb2460dfe8d9e068.jpeg']
7270477625481628967,排名没有先后，谢谢大家送给君雅的礼物。每一份都能感受到大家对她的心意和祝福。还有些展示过了就不展示了。你希望君雅送你们什么呢？,1692789990,"['7f2a14f7dd1134ebf4d3bda762010221.webp', '7abb31aed0ebb0186d0d0bbf4ae1ce60.webp', '72e58c57ae65e49450d5fd29dd64cd57.webp', 'f7d49f15ccde44916aac8fbabe7f478a.webp', '2e3e76f0119412ed51f9688a340f6ca6.webp', '7f1824728d78b55e125a25f927f8bc3f.webp', '60eee9b153a6018268561273652c421a.webp', '1acb9fe50a31adf1b990f5df66712383.webp', 'c5843543c55ed2562fe5527fc8c8ac94.webp', '40ef1f6b6e47f632295d461e89363c53.webp', 'b34ab38313fd048202cee23f4d34c83f.webp', '204cb403b9baab97aeb63ab5d8c31080.webp', '1da8560b958dbc93741b0c380653f0f4.webp', 'efaddb1a5bb257c48126c2a4414047a0.webp', '2afae7c4292e9846210b864d2ddc4d57.webp', '97daceccc4e10c9d04b58dd36931ce8d.webp', 'c9af3d7389e16d7a7882048ce3b131f6.webp', '4c89bed0aca48433ec7c1980fc043a4a.webp', '1bae0d30bbe2938b843435a911cd8213.webp', 'f000f0a8ff0b4b5bf9600174f6e5a028.webp', 'edd1c9adde6bcc460f537e1d3accf807.webp', '64911ad50551e18ed1ca736abb7c9811.webp']",['bc27af01cb0b171aa89ee172f9bb5a40.jpeg']
7273467086830144822,好开心，人生中第一双水晶鞋。,1693486028,,['afe62da9f88606383c78bb52ba9338ad.jpeg']
7273544261327441171,主播不是观世音菩萨，不能24小时普度众生。拜佛去乐山。,1693504006,,['abd9977c65f510d9d853a49177df8574.jpeg']
7274138260799048971,成都最繁华的地方了，定位啦，这里有一窝流浪猫，也不知道猫妈妈去哪啦，有兴趣的可以收养一下。（我家里有3位掉毛就不养了）,1693642304,,['7ded3392f061568edbc3c414a97957e6.jpeg']
7275038004081724735,和 @音你而悦（伴奏） 一起 #合拍,1693851799,,['8df7aadb71ce775da1ccf4a77601c00e.jpeg']
7278321506491354409,真人版比心❤️,1694616294,,['5c367772590caab2d8062fc5285e4c2b.jpeg']
7279491694582664487,不管多么辉煌，总有暗淡的那天。不管多么暗淡，总有辉煌的那天。不要骄傲，不要放弃。,1694888787,,['c9b94fcdfed3be34fe0092a13f1a1360.jpeg']
7280601633547947300,嘻嘻嘻，怼死你们,1695147176,,['dd69c5e55cc92b502f65a945bc2f7e17.jpeg']
7282449526378597644,,1695577511,"['68a5409605de6f00ad6269b9cfe20f2d.webp', '825a268b58a1ff2fef1d47b697da98c2.webp', '5448b3d5e4f835e90458c288053a733e.webp']",['a8bab0a5d86ad0eba09086f99fe1f4c6.jpeg']
7283771353864342796,很烦,1695885188,,['362d86449a36aca5e8943db22c195eea.jpeg']
7284197784171941156,谢谢姐姐定的餐厅，好高级🤪,1695984464,,['b4fd84dd02c36cce8c098828116d1581.jpeg']
7284199757856263443,哇，不敢高声语恐惊约会人,1695984926,,['1e46d69a6b53227976892cf13542e094.jpeg']
7288028342446525750,50万了，觉得自己这一路走了好久好久，回头一看才半年多。回顾和大家一起经历的点点滴滴都记忆犹新。谢谢你们一路的陪伴，大家有啥想对我说的吗？,1696876439,['575389a17b4eab9da4d74b8ca1155ae4.webp'],['90fc5164d37eb9907939066c78ef44d9.jpeg']
7290115834993708307,我用感情唱的，欣赏不来就别听了🌝,1697362369,,['b4c4647431f543e5c966d17a22d31c9f.jpeg']
7291744369164520740,希望有人把我看透，却不离开我，知道我的糟糕，也明白我的好。,1697741550,['00a11d5c0893b8046d86d5b0dce68aa9.webp'],['e7e0b39b908b1471c95f07b04642243d.jpeg']
7294249712142667062,有了！,1698324864,['2fd21354009013b56b5425ebb2f37b85.webp'],['524f8430a7b2bfd773d47c07f1b2fe69.jpeg']
7296422593656098067,不想回到过去，无能为力改变只不过是再痛苦一回。,1698830775,['136678a463d1ba6c2787bb378b8d023a.webp'],['1725e4168fa67547d65f05cac0aca4ec.jpeg']
7296853497138515219,我的愿望是世界和平,1698931104,,['4cf10d472273d2acfd94e159e7b4dfed.jpeg']
7298052219700612388,,1699210272,['0135682f8417796864112b03418f7c48.webp'],['1362250b7a7317c7602420173c0202a2.jpeg']
7298476939830988095,我会永远是你的偏爱和例外吗？,1699309094,['cbd8a50eaf1861027da6962472c8c1d7.webp'],['b41e4fb1bf20b2ec0e444856de10f1a1.jpeg']
7301455000599858471,每个人都有自己的路要走，没有人真正与你感同身受。,1700002492,,['49eea50c77821e8e285b873269f976da.jpeg']
7302232324941384971,带大家看了海上日出啦~吹洗我了，睡啦~,1700183479,,['bd9e177878da69bbb041a103eceb51f5.jpeg']
7303098485430144319,啊，可能因为没洗头吧，穿的睡衣吧，哈哈哈哈~真自闭啊！我要换个星球生活了！,1700385134,,['e636793049930a78a5f5ce4a2d3f8c07.jpeg']
7303466688584944950,都怪七锦说他玩歼灭！我还说把他拉来打一架！这下好了，在别人眼里变成处对象未遂！回想起来还是忍不住想换个星球生活。😭,1700470859,,['c1c4e40cbb1ada7bebe6ecf67bc60d56.jpeg']
7303876982108933439,就这个缝我能一穿四，信不？,1700566388,,['2cbc81a2a8c9d56bf2533a3c797a040d.jpeg']
7305690379523804455,谢谢各位的成就，我从来不觉得自己多牛逼，因为牛逼的是你们！,1700988603,['5d56f14bde563336d593d4d6e3d5f7ba.webp'],['1989f98b76d0cdd1f17676063dc86b35.jpeg']
7305979367383911719,嘿嘿嘿嘿嘿嘿,1701055888,,['4710f07f059f15792a87f8b99e7c39b3.jpeg']
7306221271652519180,没人疼，没人爱，我是一颗没人要的小白菜,1701112265,,['6547f9e799ca929ed99247fc42537691.jpeg']
7306962019436006675,求哥读我名字了🥹,1701284782,,['2e25a584109360eb1fa63b7a1744653f.jpeg']
7308051881358609675,刚下播就像你们了☺️,1701538481,,['188c518676f82e2e730db35fa0a25e3a.jpeg']
7308450830267518249,想要的举手🙋🏻‍♀️,1701631329,['8b8e18809910797f0c46cbb55b17e11b.webp'],['cf9dad326683d764b19f2b0c7556a4af.jpeg']
7308847278855310604,睡不戳啊,1701723631,,['5ed92e1c61e4dc9d097b8f55e1ebf4b2.jpeg']
7309326783063641356,,1701835275,,['a1a6e46bedd111d4d4d76b83ef676886.jpeg']
7309944511327767844,睡不戳，明明白天忙了一天把瞌睡就在晚上的。。。🥹,1701979169,['0baac0768ef6592955c8fa29ba542cbe.webp'],['c15258284b1e6e6c2155ef62bd424778.jpeg']
7310187358601743635,嘿嘿嘿嘿，人多力量大 #半个抖音都是撕漫主角,1702035635,,['3c53fcd2f1908474f5980ee46631b6e0.jpeg']
7310270507767680310,我完成50%你们完成50%！加油！奥利给！,1702055034,,['6b0a3100435963a332a1c8fdf6dc9576.jpeg']
7314208459237412115,至少我足够努力。尽人事，听天命。,1702971910,['a59c65c3c827a5b476638b2029705ccf.webp'],['a7c09f428adf8a7b2575e89cf33236a0.jpeg']
7314577673911553334,对呀，我蹲坑都在想你们…,1703057880,,['435f20775972c3234d3e93e5b3350a16.jpeg']
7315695504170536233,#主播的假期 iguo们~~快来,1703318145,,['484548de9009b699db810f923ec586a6.jpeg']
7316878651788774710,分享一个，你用心付出很久一段感情断了没几天，Ta就又有新欢的经历呐？,1703593592,,['f85f6c65ff0f9a326d0fb65b98ee7328.jpeg']
7316970500431842614,翻相册发现这个，iguo们，锅子好帅好节约，哈哈哈~（最后蹭一波锅子热度别喷我，我感觉你们也想看🌝）,1703615126,,['8600ecb5680b25b4e964259aba4fe1a8.jpeg']
7317322422871428371,我再瘦就只剩骨头了💢,1703696909,,['d3344756fd03b8bbdfe773f86bbcd1ba.jpeg']
7318435894820736267,感谢师父@大奇游戏解说 ！#大奇游戏解说,1703956356,,['fdc4399c77ac731e7c4ad7c46612abf6.jpeg']
7319031265326353727,我斥巨资为黑风寨打造的烟花秀，猜猜多少钱🌝,1704094792,,['6e97b9efd5205e6c5e94662eb42b1e34.jpeg']
7319419428704226623,我要不要，在线等很急，回晚了大哥该后悔了,1704185150,['cdae83c05b8d4cb82727e10b7a967f95.webp'],['284ac0ec0e063b76d8e937a96bffdb49.jpeg']
7321299749565467923,我想解释一下,1704622942,['619a7aa6b29d7fc2aa09e792900dee7b.webp'],['ed2c1d1149a58ef4089f965a3964fed9.jpeg']
7321790596677455145,每天上一当，当当不一样,1704737284,,['9671f3a84edd099cb096e1cdf1608733.jpeg']
7323145104930245899,吼吼吼吼吼,1705052602,,['f6c5ac92a168f9613b68e66c9dd5c8ae.jpeg']
7323511431788301580,我其实不迷茫的，看着看着弹幕我都迷茫了。怎么去拿捏听人劝吃饱饭和避开外界闲言碎语坚持做自己这之间的分寸呢。没有热闹可以凑的时候，还会有几个人会留在我身边呐。,1705137892,['72998bd7be99bf33f8b3c1550dda9e63.webp'],['c97f8942f195e3978f9d776659fe5528.jpeg']
7325379118000819467,麻麻说请客，哈哈哈😁,1705572746,,['e6eedc09fc7b3ac45b0868a752c690d4.jpeg']
7327595694926138687,春风十里，哈哈哈哈哈哈哈。你们妈妈网名的是啥,1706088858,['dee745e6bb5601b596fb3c9f37c190b1.webp'],['26982e3b6e155d158510acbac75e9e83.jpeg']
7330189811707317515,歌是瞎唱的，但不能没有你是真的。,1706692855,,['d70c8601be40abcf282281fc7c92ff6b.jpeg']
7332944049407675687,#张君雅1v4 #大奇游戏解说,1707334743,,['165f965a7d9e170d8bff4b0decf1f546.jpeg']
7333508314661260556,除夕节快乐鸭~~~~,1707465518,,['7667ef9798d99e6865bca7521c4ea324.jpeg']
7334635354424741159,@才圆圆,1707727902,,['9d833778605d9c8cd9db113cc640ea48.jpeg']
7334981606513364287,#张君雅1v4,1707808508,,['57cbafaebe8dc1ff8eb3a95adbdd9d1e.jpeg']
7335489266182622505,这草莓还能吃吃,1707926739,,['fd9b1f4a0c9bc054f27cccd525209e8c.jpeg']
7335781422784892214,我拿出了所有的真诚相待，该遗憾的不应该是我的。,1707994742,['c7a0884cfb424c09bdc89c923baa59dd.webp'],['e60c2528453fdc276c7fab00a97c3bb2.jpeg']
7336256174746062116,,1708105414,,['21f1ab45309df5296634c3249ea6fbfe.jpeg']
7338369294880869651,哈哈哈哈,1708597252,,['7711e11bfbaf8879d5cd81723858f3c9.jpeg']
7339608306496965899,连着两次这样了🥹第一次不知道为啥，第二次了，我怀疑这自热小火锅的问题,1708885824,,['1aac2cceb538e277af41f82ea31fddac.jpeg']
7339864360820542783,不是每一句话都会有回应,1708945356,,['aabbdda9ebd143c5522640c9df8c1725.jpeg']
7341434016584764726,何德何能啊，哦嚯嚯嚯嚯嚯嚯嚯嚯嚯嚯嚯嚯嚯~嘿嘿嘿嘿嘿嘿嘿嘿~嘎嘎嘎嘎嘎~,1709310817,,['47ce81f3cbd4814e5fe685a45b6db3a8.jpeg']
7342423947507502372,挂号啦，明天休息哦！我没啥大家不用太担心，日常检查一下也好。我没啥哈，别担心别紧张。,1709541310,['0a603236ba5300b0fae78a094f37f1e7.webp'],['a859411834b408501736c610e4914a4f.jpeg']
7343291666926718227,开始吃腥的我想yue，剩的腌到晚上饿了吃了，觉得好好吃😋是不是饿了的原因…,1709743358,['e8171dfa0c877884b607b8038f0aefce.webp'],['088c86a24d4215af25a692919ab58688.jpeg']
7345181941185940777,我除了直播，其实还有好多好多事要处理。也不是说我日理万机，就是好多好多事要做。犄角旮旯都能出点事的感觉。以前压力更大，现在好多了。不爱跟大家分享是因为好多事都是我的主观感受，说出来感觉在卖惨，也怕跟别人有关没说明白对别人造成不好的影响。所以不怎么跟大家分享很多事。我不想给别人带来麻烦，也不想对谁养成依赖。我知道没有属于我的避风港，我只有成为自己的避风港。如果你们想听，等我哪天黄了把我颠沛流离的一生都讲给你们，也有可能你们不再想听了。,1710183561,,['d00279712cdb68b90579c6681eea5675.jpeg']
7350258758980783395,🥹真该死，不该来的…,1711365484,,['9d01fac3cab8c2fd263a94eec1de0f48.jpeg']
7351503392327454004,老婆们送的礼物都好有心❤️（没展示完）,1711655285,,['e73084972cae47fc1b4d694b3011d8ac.jpeg']
7352133714760994083,剪辑：@小野猫伴君雅久久,1711802036,,['2bc6f97bdcf8f746acd20850166424f9.jpeg']
7352834863512243490,著名书法大家@才圆圆 题字！,1711965290,"['2a1f44eea7671d66bbecc06f8c2064e2.webp', '038e99dd8b9565ca44fb255152b8602e.webp']",['96949edc464a91d3da2b1197538b3901.jpeg']
7359308174421134632,我们一起加油,1713472476,['297d3897d89591b9922df44600b30eb1.webp'],['03941853be4db69f744bb75050ae6e67.jpeg']
7361140972924816674,背景音乐说给自己听的。,1713899305,['3d72a245308317c7ff30d8d200c3e2c0.webp'],['f197c1b5bad409294bbbef8d79dbf506.jpeg']
7361773830106254632,我偶像@张君雅1v4,1714046545,,['f826a0c6a826ba4acfe8e4ebfa1ca32e.jpeg']
7362819075161984291,黑风寨vip杯成绩出来啦~恭喜以上小伙伴，如有异议可以找助理深情。我一钢枪主播，带了一群老6粉，嘻嘻🥹,1714289915,['4a8a16358551bbf63beaa263874b37df.webp'],['cfba01059847429051f52138390b3a79.jpeg']
7363212647317245184,大家的不用推荐谁，有能力的联系我或者留言我联系你。需要对这个游戏有敏感度，能表达清楚我想传达的。,1714381554,,['e994eccb360fa43c2d68f85f07bb79f3.jpeg']
7363757027744648482,这辈子还没看过演唱会呢，于是搜了一下，原来不是攒够钱了就能看的。。。😭,1714508370,['45b394859eb89bd1536445f602dea0ad.webp'],['bd70c087e586666f26fb863df122da33.jpeg']
7364089025126354176,爱播@张君雅1v4,1714585668,['e3f2b7f23026a2d89beddf6291d1c6a2.webp'],['e1df41af9d9be5650ea603bede111046.jpeg']
7364355750308629800,,1714647697,,['3408fbeed5d6b5418e85c1870f080a49.jpeg']
7364365564736752930,,1714649983,,['050f9b634887ce09cdd4752bd7bcd105.jpeg']
7370387037305851188,保护好牙齿 亲亲们要爱护牙齿噢，出了问题就要去医院看，早点处理好。我是小时候营养跟不上我，牙齿质量也不好，很小就做了根管治疗，医生说过几年还要重新弄，我就没管，后来牙齿裂开了我也没管，一会没钱一会没时间，就用右边牙齿，去年右边牙龈肿了个大包，也不影响吃东西，直播也没空去看，以为是上火过阵儿就消了，就这样肿了半年我觉得太久了得去看看了。结果是以前根管治疗的发炎了，牙根里面又钙化了，要把牙根清理干净再补，右边牙碎太久都移位了，今天补了也只是勉强用一下，再坏只能拔了种植。然后整个治疗过程就是很复杂，不是去一趟医院就能解决的。我又爱吃，牙疼吃啥都不香了。。。大家一定把牙照顾好哟，别像我~,1716051997,['cce257f50a4adf403be6dd8461dc3fb8.webp'],['65ecd9dad181fd81a3c7f2068514a258.jpeg']
7371010351359413538,不好意思，失陪一下~,1716197098,"['d69e8c8e2b7dca7c9a9a03547788f588.webp', 'ea32e54a2e533d1b8450b075514b0697.webp']",['124ffb25d1ea838db1ec7b1cfa92c304.jpeg']
7371365007218560296,本来做了两个版本的，这个视频200多，不发浪费了，大号再发该惹人烦了，所以这里还是发了。哈哈哈#张君雅1v4,1716279677,,['43f253ff77edc7db05888fb90d840023.jpeg']
7374099693237751092,第一次打人头数，第二次冲战神，第三次冲战神。每次都感觉头昏脑涨，血液跳动，感觉已经极限了，不知道还能熬几次。还好结果是好的，我真的很努力了，对的起自己的所有收获和良心。也很感谢大家理解，支持，陪伴。要不是你们，我不知道怎么熬过这些艰难的时候。,1716916394,"['9f99e59ce61498f0f547098210fd0256.webp', '701379c3a76c8f6eae7e91ef0a74f1b5.webp', '2b14168ab003d23aedd35d3b946434bd.webp']",['408f27772ae18e7f07d325156054a7ef.jpeg']
7374457005232131343,我也不是一直很有趣  我也有一句话都不想说的时候,1716999582,['93b536cc756c8a3a6307392196aac0ac.webp'],['9b11ddf27009de5d6914ea459007a3cc.jpeg']
7375993835563830528,还有谁？！！！,1717357481,,['33cb3bb86967309c524d0c9aff16c32d.jpeg']
7376925296009809204,@誉品园 的天水大樱桃，誉儿家自己种的。可以买来尝尝！,1717574286,,['69d3d32fb423b6565f3f29cde463ad9c.jpeg']
7377303733857832244,说了没？你们端午节放几天啊？,1717662385,,['70dba437cfaf03abeb525ee46ec8e9ec.jpeg']
7378580678356618548,又是一次通过，儿豁,1717959702,,['115b66d4950c5ddb52b7d7e069e20159.jpeg']
7381797566406544655,请问，到底多大一袋？🤔,1718708691,,['a9ee0db81a511eddcc9719384215b297.jpeg']
7383066162751393059,送给大家一朵小发发🌸,1719004062,['43a24a069077e065d756e1bf42ca3e18.webp'],['7a4ce3630890e96498f9bd51dd44a1b9.jpeg']
7383550783133945122,,1719116890,,['28226888d0fcf143089fd36ac2f4529d.jpeg']
7383996527917763855,@万柳柳⁸⁰⁰⁸ 是🐷,1719220672,,['4be4b2176718f962014e0d1f4184548c.jpeg']
7384308399460158754,今天和柳婶去吃席，有没有小帅哥来玩,1719293286,,['379750027888845ce569b243557d8429.jpeg']
7384775597676825856,谢谢你们真心喜欢我❤️,1719402062,,['5adae455d5e66c307afbb84006ccdb90.jpeg']
7387361200117435663,#张君雅1v4 把今天的好天气分享给宝宝们~,1720004068,,['c46a1a6e0715d15ca1a8db33e8b2919f.jpeg']
7389531125825228047,精准而（           ）,1720509304,,['1a008161e637dd33d0337ec27e124f8a.jpeg']
7391626219592240419,,1720997102,,['21dd1de24d4ec7d3bd420075caced632.jpeg']
7392301202454711592,打破打破自己曾经以为坚定不移的东西，再重建。,1721154267,,['689bb95f393a53574905dbd1fb73a945.jpeg']
7393683236175547683,噢嚯嚯嚯嚯~太贵啦，好心痛！我会好好爱惜的！！,1721476038,,['ddfb1601a22994e10f1e5119ff80c93f.jpeg']
7393761209750768948,#张君雅1v4 这游戏真难玩啊🌝,1721494211,,['1aca880c81beacf01468c20d3be73bb8.jpeg']
7394721882873941263,来自云南旅游的@蛙宝⁸⁰⁰⁸ 寄来的饼，谢谢蛙宝。这次看在美食的份上就算了，下次再叫我张八毛，拳补你！😍,1721717876,,['a0011e79c52dd41858ee2df6c214e15f.jpeg']
7394958049187843328,,1721772855,,['adf29dfb9331c0e196030971b5167596.jpeg']
7395301648765177128,,1721852863,,['abb9908e20a13b80dbaf992194fc444e.jpeg']
7396735655050530100,帮我助力一下呗~,1722186752,"['9a1f3dc0ecefe17ebb0addea0a5f66a3.webp', '4da8b9873084d0aadf683ee8ae8703ca.webp', 'b3677184dc8f72d1a229c581b47aa697.webp', '38725f8c852f512ee9b4661125ea2449.webp']",['cb2c68cab98229876b02d6a89c3b4015.jpeg']
7397519912501136692,我从来不害怕失去现在拥有的，因为我本来就是一无所有来的。我更希望坚守自己的原则，哪怕他在别人眼里屁都不是，只是我是开心的，不会愧疚畏惧任何。,1722369436,['23629229619c2c53b003c52122729bc4.webp'],['7283146e124a7710fb00720d64e59721.jpeg']
7398455297276235043,,1722587121,,['96d9ff5dfc146b85db3ee6570ad480d5.jpeg']
7399189753381260596,无知的我求指教🥹,1722758122,,['3851b22941f22b3df5f2ebc73cb9b17f.jpeg']
7399689264776088847,看你们还笑话我不，我要发个抖音留下证据,1722874428,,['786aba62fc48565f2a43616cd56eebd8.jpeg']
7401785574870273295,请大家听歌,1723362513,['15d5f10c557ef53dfae1ddf4eaa8fd84.webp'],['047eec692950f2d53690dd6590de7da0.jpeg']
7402003303749504291,,1723413241,,['cb93f27659b526c9bd9f7bc43b2826d9.jpeg']
7402668201680571688,报告，今天睡醒就下午啦，好久没出门了，没想到现在的天气这么热这么晒！和家里人一起逛了街，买了超辣抹胸牛仔装，麻麻买了秋装。晚上和朋友k了歌。挺开心的，你们今天都干嘛啦~开心么？,1723568033,,['e865ec99dac39d518f406a2b6ad7300b.jpeg']
7402877980206304512,我的潮流裤，你们没有🌝,1723616861,"['0d9b5b511187c6328c650279b75945e2.webp', 'da83bac2ebc184922c361256a7f001fa.webp']",['82d0d89a78fa5555429305c44660f0ef.jpeg']
7403684171358539048,受之有愧，谢谢你们❤️,1723804563,['46eb7050762889d84cd809f54242ad1d.webp'],['6ef56023ea1fed0feedfc5a79224038a.jpeg']
7404380828249181492,老婆快来评论区给我看看你的手，太巧了🥹好好看哦,1723966772,,['f477008686ca70ee9433b88e447ad54c.jpeg']
7404882576973876480,,1724083589,,['669f502155a368cb1a6826c067dac2a7.jpeg']
7405312062299081999,把我的宝藏半夜应饥自热小火锅吃法分享给大家,1724183591,"['bf9865063a3c05920ab45ac86ab6c5b3.webp', 'c7a767b8584869a7b0386519a422eb09.webp', '073aa78d22cb594fd833342b9e926093.webp', 'f2f7c7286b86df54d3d15e256e94187b.webp', 'b70ed905705c159fec3ef25a636aa1a3.webp', 'b988ad8c3f14a084a1e195e18778015d.webp', '2326a7b00bf2dfb6040fb73e128feb95.webp', 'b5128a5f7e293e82f2b451a5153188a7.webp']",['e0321c71796f2473307586bc73771692.jpeg']
7407800045170347279,有没有猛男猛女啊，俱乐部人手不够用啦~想进俱乐部的老板陪陪找我助理哈@深情 （张君雅助理）,1724762858,,['25f7c0649ce63f3a2599c4e413a01c42.jpeg']
7408107971286191394,有手就行，两次成功，第一次测试了一下下落速度🌝,1724834556,,['65886cb2ad7ec029a79b76dfa460b526.jpeg']
7409741316482993471,嘤嘤嘤ಥ_ಥ,1725214953,,['a277180f765309690e2c42b2d5a6e5c0.jpeg']
7412594589636267276,大家一起，趁热吃🥹,1725879176,,['8d01e955b3c8c9c247e91d8d9bf6ad80.jpeg']
7412889900887837971,#古风妆容有多美 要是真有这么好看，我还打锤子游戏🥹,1725947940,['2eaa6d7b947de6d665904c630adf06d3.webp'],['57edfc01e90c327de7130c2d3922e3bb.jpeg']
7414411936609127699,死贵死贵的，还不给分期🥹不管有没有用都用上了，至少这个环节不会有问题了,1726302310,,['d4b3eff4d78672caf802daac1fcd0cc0.jpeg']
7414443856504114468,和 @小酌啊咦呀（古风素材版） 一起 #合拍,1726309743,,['a0a42b2a06af4c7637b55a49214ab6e8.jpeg']
7415161587889196299,开播调，下播调，睡醒等着上门调。电信师傅调，电脑师傅调，保洁obs师傅调。调调调调调！！！！！不用给我提建议了，谢谢大家的好心。发视频只是想说我在尽力弄了，并不是我不管。不舍的花钱。我播着卡我也闹心。,1726476864,,['ead22cdc381a91a00215950f91c92453.jpeg']
7415526166712290623,收到好久了才发，祝大家中秋节快乐，日子跟这苹果一样红红火火，平安喜乐❤️想买苹果的@誉儿⁸⁰⁰⁸ @誉品园,1726561739,,['2231faf6c8cbd886cc12e67876824402.jpeg']
7416270819480833292,一脸懵,1726735122,,['b9db7f6802b0725358f48ff5356f9f92.jpeg']
7416994061095062823,玄学🙂,1726903523,,['b65fcf6706c5b7ffd96b2a92284a536d.jpeg']
7417047723142057279,其实也不是钱的问题，就是想想觉得不合理。最近水逆，啥都不顺，自闭了快🥹,1726916008,['5302cd2bf67bdbf082c64f654305af85.webp'],['d44b8909e80fd357311772f867767b3f.jpeg']
7418241172264471847,晚安，嘻嘻⸝⸝ ᷇࿀ ᷆⸝⸝,1727193879,['c25b00c8f8b67d8cbe0855bb43621367.webp'],['c5856a43afe73f3ce6636b89a511f942.jpeg']
7418797687488646419,,1727323455,,['0ef6a1224d033dc43e009aa496e1e5bd.jpeg']
7418968982247558412,,1727363343,['6a929117a1f3d06f01cbc7842fad28da.webp'],['2988e65aff3c1abcf76d1dcd9f38fc28.jpeg']
7419533064017087755,终于好了，这次的功劳全归你们🥹,1727494675,['9d549edf91396c742845336cf30a84db.webp'],['bafd3ac4ea22f1f3f8804ae3851b4848.jpeg']
7419786504345521420,人教人百言无用，事教人一次入心。我长大了，要成为自己的避风港了！,1727553775,['be853ff98e0513842c97a3618d3eff40.webp'],['943020e4ef7a91f8637a545087600038.jpeg']
7421589225683897619,出门的意思是，出卧室门🥹平时电脑房空调开的很冷，我出门就把棉袄脱了，今天脱了一出来发现，啊，怎么还是这么冷🥶天冷啦，加衣服咯宝们,1727973437,,['acbf058bb447142e97b55cc486a0d230.jpeg']
7423344209341533451,要死了要噶了，我快不行了。好想当个男人啊。。。这辈子就是你们这些男的抢了我的名额🥹,1728382026,['59a44cdcf1dcabdd6bf1f0ad80f72cc8.webp'],['4ff1a56f6136a3309569236b0a69ea73.jpeg']
7423365834577317131,今天肚子疼，晚上就休息了叭。。。报一丝宝们#和平精英刺激之夜皮肤大秀 #和平精英潮流时装周,1728387053,,['f3fa026bf00f1f4df3211f3cdb5333cc.jpeg']
7424792022306835775,挺好的！,1728719128,,['1a5375d9a8f065675c21e578493aba4d.jpeg']
7425173274818137383,旅游+健身都完成了，今天运动量超标。🥹,1728807889,,['fe7c00977a1a523d17ad81b2ee23d012.jpeg']
7425416237280136459,福无双至祸不单行。,1728864468,['13e21009ed760aea5ca549683d9904dc.webp'],['f445dc99e929e5e27fbfff61369213c6.jpeg']
7425559641922358585,老实了,1728897873,"['97ff3e7ecfa091e976ec38f69335188c.webp', '11a1d4aca601989d446b1e227fd284d7.webp']",['988e29d7df969cae6ea5e4f442a630d2.jpeg']
7426972967923436857,我要累噶p了🥹,1729226927,,['c43f5040ad4ac56513da9b7bf9823ca0.jpeg']
7427104328688635196,近距离的#虞书欣 哟，好甜美啊~ 🥹,1729257490,,['0748ff22c1c3da528ecaf0725328c139.jpeg']
7428660308316523835,真好吃，哈哈哈,1729619874,,['bc0b7f7dbf22dceee422dae0949b25eb.jpeg']
7429276471669083451,#这鱼哪个钓友看了不羡慕 呵呵呵呵啊，不瞒你说，我还钓了很多乱七八糟的东西（反正不是鱼）,1729763239,,['52059ab62a050b5b247d8aff0a0bc26d.jpeg']
7429611916214947130,受不鸟😭但是人家是正常施工，只能默默承受了,1729841344,,['43746776f1170a839738861fdc76356d.jpeg']
7430760487454887228,粗发啦~兄弟们！（我说中间有个二维码要遮一下不，小鱼说待会你们给我点份饭来了，哈哈哈🤣）#张君雅1v4,1730108764,,['827d4bfc7f7a038e270e28174cbb3c84.jpeg']
7431130201108581692,回家啦，凌晨4点还在想获奖感言，6点就起来化妆然后加入迎亲队伍忙了一上午，真是辛苦我们全蛋啦~ 不过今天在席上抢了的瓶王老吉，老大一瓶了！带回成都慢慢喝！有想喝的吗，我给你们倒一杯😎,1730194842,['ca3f8ba42b86b7510b1c7082624099d9.webp'],['da5992fce287da0b939f2e36b3a5facd.jpeg']
7431841091239923002,吃上我心爱的大闸蟹啦，有人疼的感觉针不戳啊~🥹谢谢包子的大闸蟹！,1730360364,,['261ca29919c21fc6f7f8dde9d4083235.jpeg']
7433095519465000250,平均一万，一万，一万！就点赞太拉了没牌面啊🥹,1730652463,['405cfd2cd4e748ff7e2e3e38324e50ef.webp'],['465ea2b07568c6abb4a2b36bfd2ecbbb.jpeg']
7433476010949070139,不是干的，好好吃~微辣，40%辣,1730741082,,['52f939609a370ab8cf49f4f87ef5d831.jpeg']
7434954743786655035,说我低俗🥹转发比点赞还多，我是明骚你们是暗骚😂,1731085345,['022a6247636980b7c915412779408b29.webp'],['a8a8cc96105abd9e65bbeb8f8e248045.jpeg']
7435214659919138105,小心肝听说我脖子疼。。。。哈哈哈哈，好有劲儿啊😂,1731145827,,['a1c14868bcce707fb8c90aca8a0b6739.jpeg']
7435329465221221690,我清楚的知道花无百日红，只希望自己再跌回低谷时不会忘记当初只有几观众时的心愿只是破百，能依旧激情四射为大家带来欢乐。缘来我们相聚，缘散也希望你们开心。有的话得现在说才有分量，没人了再说看起来就像是自我安慰。所以，我真心希望大家看我直播能快乐。❤️,1731172580,['80c174ff2b427afbf58deba4a4aebbc3.webp'],['8348286ac64c8783a89700a0dc24d387.jpeg']
7437445576398048571,谢谢打架的欣赏,1731665248,,['63712048e3b91733455c455b757da539.jpeg']
7438001779155029305,听了一首许嵩的《幻听》,1731794778,,['f157ffa23d759b7403944bcaf8499a0a.jpeg']
7438874535815810362,回复 @张全蛋。的评论 我要🔥了🥹,1731997958,,['00d93dbefb6c3d5b18e7b784f6b5ab92.jpeg']
7439011536905014585,我都是这么荡的,1732029856,,['4cce7fb2cf17a71d1bfd170e40136360.jpeg']
7439403754228632891,8008音乐厅开业啦,1732121195,['a3a772e1db4ab25a3eae5569814d5133.webp'],['2605e580a44b58efd81759d3d45fda14.jpeg']
7439927638761737532,天塌了！！好困好困好困！！！,1732243155,,['42b7583af1e5b4940135eebb8cf96526.jpeg']
7440405905469951289,亲亲~~~~哈哈哈哈哈哈,1732354508,,['d5e0caa79793760567e9ebf11ac4564a.jpeg']
7442001675520429369,哈哈哈哈，舒服了,1732726075,['fd754441953a6363499c30c786a28a9a.webp'],['718175e1bf579ae75a8b7640f602e9af.jpeg']
7443405187844279610,12月第一天，人气票第三啦~~大家都好棒好棒~感觉以后都没机会在1-2点时间段拿第一了🥹,1733052829,"['f81c56fcc99a77ff7d1472682baa4bdc.webp', 'd4e7e99c2ed6cf7f32a9c4f37a184e15.webp']",['d07faff98979bc9ce7fb2ed826890f01.jpeg']
7444112110612729146,我的事就是休息，大家不用担心我哦。我能有啥大事嘛对不！我不播的日子可不准移情别恋哦，哈哈哈🌝,1733217424,['5a010ca5e876cc1492ce1e38ff613081.webp'],['edbaacc7c2800a281a52d77debfbebbf.jpeg']
7446830676051021092,每天晚上下班饿了就是这了,1733850395,,['3a5238a9a17cee8d2a7d576310ec66e0.jpeg']
7447186118035983673,iPad断触原因是什么啊？是静电导致的吗？死马当作活马医吧,1733933148,,['f5c12f07a911778c03c790beba823302.jpeg']
7447440432881077563,是个弟弟，不过再过几个月就不是了。哥哥姐姐求赐名儿~,1733992361,,['2bd8d77eaca703f3e413c2097508bad4.jpeg']
7448912707090271545,抽象。。。。有没有游戏高手想做陪玩的，联系@深情（张君雅助理）,1734335154,,['3d20dfb9703f8a03b48b3d9026783eff.jpeg']
7449843169325288761,兄弟们每天都能投票！19号今天是最后一天了！加油！#张君雅1v4,1734551797,"['242a272e4cdb641c095e14b828865a5e.webp', '0386cc0c9e4757af7bc06d955e5cbe5b.webp', 'd7dab113057188a6d96f0c74156b9936.webp', 'c9f03eeb37f65dea728e9c129e9d3e8c.webp']",['15ca5c46fb3c752f8726e7abe846b111.jpeg']
7450173181337275707,刚开始以为游戏嘉年华很简单，后面发现连前20的边都摸不着，最后没想到大家发起了最后的冲刺！其实喊了两嗓子没票就想着算了，羡慕羡慕别人得了，再喊我也不好意思了。最后真的没想到大家这么宠我。好感动。老老实实打游戏，真心对待每个人也会获得相同的爱❤️感谢大家！❤️,1734628670,"['1874333333ddbe0d80d95f98ef16d37a.webp', 'bc1b198129074ba5e9e6d0c106a9bc04.webp']",['0a1f1da6568383d2288524274c6cdd66.jpeg']
7450397699578268985,蛙宝唱歌这块还得跟我俩多学学@才扁扁@蛙宝⁸⁰⁰⁸,1734680903,,['089fec9355bf6645e80a2a1897daf635.jpeg']
7450470918557568316,哈哈哈哈，快来听才圆圆的死动静！！！,1734697958,,['f3869ed9b77eecc8302342bda22c1e0e.jpeg']
7451761502580641084,人生除死无大事。自己悲惨的经历说在互联网还有人可怜打赏几个钱，说给自己身边的人只会变成日后的话柄。伤你最深的都是你最在乎的。,1734998469,,['0a6615e059bfce7393af5d21999f4982.jpeg']
7452266099703418172,#张君雅1v4 嘿嘿嘿嘿嘿,1735115937,,['043b2838c0c31b062909a430f8ba2808.jpeg']
7452995538812767545,第十名！！！我们真的做到了！感谢大家的每一票，爱你们😍,1735285774,['f4fac3a913c1d150fe8a4b39dd9998b0.webp'],['4e90d67d99da6aee5f583d1468fbf7c9.jpeg']
7453037125135617339,#张君雅1v4,1735295453,,['2687484940b99c8194cc8793daea5afa.jpeg']
7453407066292571452,吃火锅啦~@32分钟的二夹子,1735381586,,['618462ec359747e33b444cca5d019cd8.jpeg']
7453438943766285625,还能睡20分钟了！待会9点@张君雅1v4⁸⁰⁰⁸ 直播间见#张君雅1v4,1735389003,,['415de8dea2550c1074dc90ac9b2c34c0.jpeg']
7453926831423606074,我不会再是我了。,1735502776,['43a24a069077e065d756e1bf42ca3e18.webp'],['7a4ce3630890e96498f9bd51dd44a1b9.jpeg']
7455267192490183996,,1735814677,['f2b24b1bcbc873f729daee02efed0abc.webp'],['9c33ec59af7ed0c6a73116263a4af11c.jpeg']
7456483966602841403,,1736098066,,['f402c869a2e131a6c3fa759abca716fc.jpeg']
7456502556487847227,BWRZ你来教一下🥹,1736102433,,['81be87a985e07b61a169b671f1e79483.jpeg']
7457934528523308348,谢谢大家支持！#张君雅1v4,1736435734,,['8feac6f902cd5783aca3b6cbc831b717.jpeg']
7460291392326077756,一宿没睡，好困🥱,1736984478,,['d39571b9de8aba01de16b0031a347000.jpeg']
7460293066432204089,,1736984890,,['42a52be3f5c6913c291a872bb6284923.jpeg']
7460488013265521980,,1737030238,,['41fba7f4ee073c1aab19c42c21e310a3.jpeg']
7460751704410115388,超好吃的凉皮~以前还有面精，泡里面吸满汤汁可好吃了~,1737091653,,['6fbf0344b5aee193478fcc9d95f83dff.jpeg']
7460783353780849978,,1737099012,,['969f9405a832eccefa434e3f454839d7.jpeg']
7460876769713851708,曾经拥有过就好了…,1737120760,,['eb754347ab00670b3383544eec61bdca.jpeg']
7461313104660450619,没剪辑，不知道剪什么，哈哈哈哈,1737222401,,['b6de50cba1ac7b374180fe0dc46b0d54.jpeg']
7461584624456568124,可爱又美味🥹,1737285568,,['0830e11ee864aea04e0a49e37f0e0658.jpeg']
7462229110979431739,我得嗓子………,1737435636,,['4bcd74fad1490450c9e87b9819a0dd12.jpeg']
7462634774549630268,小年快乐☺️,1737530085,['38e6d28f4303192ef5b7bd82d41750fc.webp'],['bcb1e8e577fe21031ff94852e1b07765.jpeg']
7463053961201814844,原来豌豆颠的花语是：老了，要不得了,1737627675,,['1860b36a51e370a57ed3195b61b7f4ab.jpeg']
7463309014638660923,我要睡觉了，打喷嚏眼睛一直流眼泪。大家照顾好身体啊…,1737687069,,['78179e9ab40074763791e01a7d98dc42.jpeg']
7463724050347609404,这可咋整啊。。。。,1737783695,,['f2f2afa18a344b34ff3b9855a686fd88.jpeg']
7463776276457803068,这一个接一个喷嚏打的直流泪啊🥹,1737795851,,['9199323d35b3114ae088948bdac02727.jpeg']
7464140839011339578,今天就好！,1737880736,,['82ba5da2027d9ef3e5ff68787fee3f8b.jpeg']
7464876109566348602,看看大家的年夜饭！！！！（这是我和我妈接下来至少一周的伙食🌝）,1738051925,['40285013c6851d9ceb7260d6a1c8872c.webp'],['f748f5c8eb098e08cff707ad4890f88c.jpeg']
7464999531818650939,别太羡慕我！！！,1738080654,,['6a2260aa893052855ebb96b55fc2bc86.jpeg']
7465990964692192569,（视频仅供参考，以实物为准）#张君雅1v4,1738311496,,['c580596aaea8b278b6ab146473924d97.jpeg']
7470516596251888954,我妈请大家喝汤了,1739365194,,['35b5f217c3c8439fcd45a7a019874fce.jpeg']
7471183882847522107,哈哈哈哈,1739520560,,['7ab28da61b5dc07485ddc7c7e304cd63.jpeg']
7471949135147502905,我好骚啊。。。。#藏不住了其实我是敖闰,1739698735,,['53b4b1d8f31b3d84f4d218597557980b.jpeg']
7472055018410020154,根本停不下来啊，累的心慌,1739723398,,['61362976ab133a67ef3becd2e9099091.jpeg']
7472181189542038841,我是敖丙的姐姐，熬通宵,1739752775,['aae4728151b4ae102b9944c11058a9c5.webp'],['d0227dcf25f33a18067eff8638fffd1c.jpeg']
7472324747691298107,沉浸式吃播#干饭最积极的小猫,1739786186,,['07a3d3d5cec23c01eafcd8f98031797f.jpeg']
7472768360661470524,之前朋友不要的猫粮，刚好给他吃。还是绝育的好。。。,1739889478,,['a25003d7df2584daaf4c6bd8910bcd51.jpeg']
7473798527626267962,小玩意还生气了🌝,1740129331,,['7318fdfda974df857f7413b23915264d.jpeg']
7473927545105255738,以前期待自己男朋友送自己花，后来会送我花的男生才会考虑当自己男朋友。你知道的我不是非要花不可。（这是小鱼今天来看我送我的！）,1740159401,,['c464cbdddace26b2f6fffff2f30b667f.jpeg']
7474170824505806140,我在山姆会员超市买的好像一百多还是99忘了，当时觉得挺贵的，网上的价格都不一样！这个旗舰店没有我吃的这个味儿。给大家参考一下吧。,1740216015,,['49a32eaf343c77a35cdd8aecde878214.jpeg']
7474320188364688700,晚上饿了就吃些速食填填肚子,1740250839,,['95263a1e11bd1dcbbdb22383fe9192e9.jpeg']
7474665302152858939,#张君雅1v4,1740331179,,['947c79963e5547cdd8f3ced98e0abfa0.jpeg']
7475432714313665851,我觉得挺好吃的，不知道你们喜不喜欢,1740509823,,['8b3b4de589a3cae3f7ee5165a92449ca.jpeg']
7476007713298828602,在测试了！,1740643694,,['65ccd04c403d2c97ffd37732d6f1990e.jpeg']
7476038003689868604,悠米太帅了娘家人想借配，结果这家伙去人家哪里就知道吃饭睡觉！不干正事！要被送回来了…🥹,1740650747,,['6bad4de343c7c7ea1dd71d0009fa2777.jpeg']
7476411176209976636,对不起，打扰了！“行猫记录仪”#张君雅1v4,1740737636,,['95db4a332b263ca65b6512c8b7fc9781.jpeg']
7477524385885211964,我说悠米怎么不理我！都怪你🙂#张君雅1v4,1740996823,,['1d050ae2d7014bae60cb03b3f562e4c1.jpeg']
7477890902334246203,今天就打扫这么多叭！只有半天时间打扫懒人已经累了~给大家介绍一下这几张图片： 1.《占着茅坑不拉屎》很多人问这个桶是什么，自动铲猫砂的。如果有铲屎官想知道使用感受，后面可以分享给大家。 2.《舔过的地板砖》我擦的！亮不亮！ 3.《摆件》自己买的和宝宝们送的一些小玩意。亚克力牌是vip专属小礼物，每个月都有噢！ 4.《养宠家的床底》目前是三只猫一只狗，要想和带毛宠物和谐相处，就得处理好他们的毛。上次发的机器人视角是他们在配仔咬的一地毛。只要工具用的好+别太懒，其实毛挺好打理的。后面想看可以跟大家分享我的工具！ 5.《奖励自己小甜水》听说一杯奶茶40，能买一箱牛奶了！我也意识到奶茶真的很贵啊，而且不健康。虽然我不怎么喝奶茶，但偶尔觉得自己累的慌学着别人点杯奶茶放松一下（但其实甜的我也喝不完），现在觉得犒劳自己是一种心情，跟多贵的奶茶没关系的，要真正了解自己要什么，不想被引导自己要什么。所以想喝甜水了6块钱的奶茶其实喝了心情也挺好的！还省钱，关键是自己不是特别爱喝奶茶。要是喜欢花点钱也不用特别愧疚。还有就是大s和方大同的事应该让我们警醒，多注意自己的身体健康，别老觉得自己年轻作自己身体！努力挣钱的同时，身心都要健康！我也是提醒我寄几。。。 啰嗦了，反正就是休假闲谈~希望宝子们工作生活都轻松愉快！,1741082160,"['f2295b7ead4e03fd3b5eeea49acc7985.webp', 'd938aa22650e9a0ffc22772f56e57112.webp', '40e8a9f56e6f0a5d0404f1f212a7d2d7.webp', '50ffe14969a7bc30c4ec2171f1859b68.webp', '876545dc67f9e19030e639303b9e6d22.webp']",['3e3b95be0eed0bfb9983132be75215f1.jpeg']
7478150407714295100,以为吃了止泻药睡一下就好了，肚子绞痛的一晚上。。。八点实在痛的睡不着，怕耽误中午直播就去看了医生。本来输液快点的，但过年才输了液想吃药吧。我都没吃外卖啊大哥，我也太虚了，大家增强抵抗力哈我就算了🥹,1741142584,"['5205892eaea582011a86785850ab13b1.webp', 'd0cc243f73de609265d4bcb6b5063e8a.webp', '8a453d1cc817b39308c0c54c2ab4349f.webp']",['26c009d72065010a08ba7361e822ad3f.jpeg']
7479033180134083897,#张君雅1v4,1741348115,,['c824869db51d28f12a55fcdff0765e34.jpeg']
7479750029553519932,AB款的花溪谷抗菌袜，别羡慕❤️,1741515024,,['6ecf2aac018149bc841e382b8eb46126.jpeg']
7480252184131571004,Sorry means nothing,1741631995,['7c1a5b4e7809a21fdf11e6258aa10a9d.webp'],['8ded54df8e7aaf89561677ac6d8f5631.jpeg']
7480448103519128890,对不住了，没什么开心的事可以分享，只有这些无聊的碎片，还拍不好。#张君雅1v4,1741677559,,['9464dd97e3b98c8465bc7a715ff65ebc.jpeg']
7481561652622609722,看她直播更精彩兄弟们！ #张君雅1v4,1741936824,,['a7c420a0625e3e3e1b12f31814480487.jpeg']
7484301203526946106,连吃了三天鸭血粉丝汤了，今天最后一袋舍不得吃，煮碗泡面得了。,1742574691,,['c995a5e530b5c94f401286afd253cdc7.jpeg']
7485069854043606332,不谈恋爱，身边没啥朋友，最后也明白不是所有的父母都爱自己的孩子。这就是成长吗？果然痛苦。,1742753697,,['cabc3f07eec856d95a742ece494451ac.jpeg']
7487522862539017531,泪水打湿猪脚饭，死守和平不遗憾！🌝@和平精英,1743324777,,['a3c240fe95a6ac1e93913b6b55d10e14.jpeg']
7488069492921224507,你们老婆没送你们扫地机器人吗？😍,1743452180,,['2121f1db718c62d9dfdd8731329398f5.jpeg']
7488987647273225529,我的粉丝也太好了叭！！！我都想着赔了，没想到啊。。。🥹世上还是好人多啊🥹开心一整天！,1743665828,['540805a9cf2400daf4502dec06a01bd3.webp'],['256858e3b2aaae317ba7b61530db7ef3.jpeg']
7489014733350128954,一天就吃白食，愧疚的我挖了一大勺惩罚自己吃掉😍,1743672127,,['d624c9ef47844f41d348579e1806f2b0.jpeg']
7489752872473709883,憨憨：我虽然吃的最少，但我干活最多！,1743843990,,['e4cf345d1ebfe8f4c0ebaded92ce60dc.jpeg']
7490597885239725371,越来越菜了，你们打算啥时嫌弃我离开我我听听😭,1744040745,,['7faee0231081dcc5bed4e9a690742efa.jpeg']
7490977525275839801,@小野猫ᰔᩚ ⁵¹⁰⁷⁴ 下的崽好可爱🥹🥹还没取名字呢，叫啥感觉都委屈他了🥹,1744129138,,['4c549dfd8805cbc9cf5375b589537dfc.jpeg']
7491992391054937402,#我的小猫咪 你们家猫咪穿衣服吗？,1744365421,,['b84beb1073e37ec12f29f4781a1a5e99.jpeg']
7492108095515102522,视角人物ID：唧唧歪歪哒，3410785035 王牌5星 队友ID：沐泠诗 ，1216205880 无敌战神                 抖音猫猫69，349493767 王牌5星                另一个队友路匹的。 你们要的回放，我不知真相不予评价。,1744392385,,['aee8c266619f6fe6229df46307de0b54.jpeg']
7495292693828963642,哪个亲爹送的？,1745133831,,['c14e9bf384f14a5d1a821ce15fd45770.jpeg']
7495351445336739132,今天跟朋友吃烤肉，肉燃起来了！我去灭火，可能迟到一会。。。,1745147510,,['66b35b145ad894062a558477d3db4d35.jpeg']
7496063450155306298,真的，宝藏地方啊🥹这都被我发现了，我太聪明了🥹,1745313284,,['2fe7d57169ad06c37bc319a1cc6ff084.jpeg']
7496827876219030844,可惜了，保的号沐泠诗只是改了个名。举报的时候70%吃鸡率。#开挂应该判刑,1745491267,"['912218d19d0c6bb1da2ef5e74b90a0a5.webp', 'a6a3a3dd76cda5289832f0b508d7a871.webp']",['4b92d8b5c763940e1b54f43fab87aa66.jpeg']
7496940670817406265,年纪轻轻的怎么就睡觉了？土豆：我打死你,1745517549,,['e7731fef3e2dac9e0ef3dfed42cfb38c.jpeg']
7497195844849274170,两个安全出口全被锁了，哭了。。。。好丢人啊,1745576938,,['25939897df63cda9d081f63c7116229e.jpeg']
7498266597678828857,嘿嘿嘿，让你老婆给你买去#张君雅1v4,1745826244,,['6abaf0fb4abd9c55feb607656ed035f9.jpeg']
7498400073483980092,坐在车上发现马路旁边商场大字都看不清了，脖子也疼了有一阵了，最近胳膊疼转一圈嘎吱嘎吱响，你说去锻炼吧，我更想在家睡觉，不然晚上没精神打。废了。,1745857329,,['07fe73c75dddbc719fa39f85f17ae0c1.jpeg']
7498700405775256892,真可爱，好想一梭子全打死#张君雅1v4,1745927248,,['2d54f26096efe3f6eac0baabdbf6d02a.jpeg']
7499747068283653436,经常反问自己，是不是应该迎合大众，是不是应该把个人感受放在一边，是不是应该有大心态包容一切声音，不管对错只管在里面不得罪任何人，才能做大做强，做一个名副其实的“大主播”，是不是自己棱角太分明了，处事不够圆滑。,1746170941,,['92fe3a39bb8de0c5dca595ac454b3361.jpeg']
7500351100638973241,这下好了，天都亮了还没睡着🥹,1746311588,['58d9afe87c8b198eec920eee65e7240e.webp'],['d100173824951c4bb3d561fd8948c2b3.jpeg']
7501249584019672380,粗来玩！#张君雅1v4,1746520773,,['0a668cb6f093201bde8c7ec543cc6bb1.jpeg']
7501308375465889081,原谅我太饿了，加菜多了汤溢出来了。。。下次我摆好，拍的美美的粉丝先吃😍#张君雅1v4,1746534462,,['51897b783c1345c05a4b9529d7cf7e54.jpeg']
7501749996876221756,外面的声音乱七八糟，有些杂音听进去了一点一点被别人牵着走就会忘记初心。希望大家看直播笑笑闹闹，开开心心每一天！无论那些hapy说什么，我休息时间就好好玩享受一下生活，把电充满再来给大家带来更多快乐！❤️#张君雅1v4,1746637321,,['41c82104cd353a52f4852e43cdbeb7d5.jpeg']
7502496915973901625,#张君雅1v4 牛🍺,1746811203,,['42adcca71d6224ca956fd7121a745d4b.jpeg']
7503090764761009465,亲到男人的嘴了 #我的天降男友  #张君雅1v4,1746949458,,['d5461d3c6fe1e703d563f7ca735bd30e.jpeg']
7503620487844891963,#张君雅1v4 晚上饿了吃点还不错的,1747072822,,['fe048d3c8f60430e7fdc781604986be0.jpeg']
7504366136836066617,@深情（张君雅助理） 让你上个王牌真是为难你了啊，你说你看三年了你学到了啥？皇冠局落地成盒？🫠,1747246430,['30de1a2cb8fd8f2da84dcc2fd5366ddf.webp'],['f525a5686d90543235ac6b6e1228f9ad.jpeg']
7505419630119816507,#张君雅1v4,1747491688,,['fe05e8c062ca97ee47bf5154f9233a44.jpeg']
7505494535347522875,一点半结束的，回酒店卸妆洗澡，身上的胶水太难洗了，想把东西收拾好第二天睡起来直接走所以发的晚了点。宝子们晚安啦，明天还要早起赶路，明天晚上就能播了。#张君雅1v4,1747509163,,['0da59c41d59ad199bd4419920f8a5825.jpeg']
7505744493988416827,晚上九点正常播哈，不知道网会不会出岔子。。。测试是好的。#张君雅1v4,1747567325,,['86ea8af11c041877f6d766160b687d23.jpeg']
7506217051360791867,别太羡慕鸟~#张君雅1v4,1747702800,,['617cac95d7cb3614edb8835e1bbd2912.jpeg']
7507568475327843641,西湖的水，我的泪~#张君雅1v4,1747992007,,['eb5bea8a5e71bca4ee1f5acd3e5fbaa1.jpeg']
7507950448835054908,小丑女好酷，我展现不出来，东施效颦了~第一次拍这种视频，很有趣的经历！#和平小丑女挥杆挑战 #张君雅1v4,1748080941,"['3c7743d2decc106ce9e546f556599619.webp', '543c79b309c93e2839ecfbc45edf41a8.webp', '3c3372a7bd575bc5e5a8c6bbc96f7499.webp', 'cc3a2311ca062f190af4cd036a37fa5c.webp']",['8ac4c1c07946b6ffce13d9ec0f810063.jpeg']
7508067733217905978,杭州碎碎念~#张君雅1v4,1748108263,,['7a5b20ed7b1f24233ddb4d5e2263a1d3.jpeg']
7509188154634407226,我把近三天不开心的事都想了一遍还是忍不住咋办🥹#张君雅1v4,1748369127,,['e9255f6f560e5436b9f421fa2e7e0a9f.jpeg']
7509576085304462649,“越过山丘，却发现无人守候”#张君雅1v4,1748459497,['c83dc27d7051bb3bfc89e15cc31cc58d.webp'],['63851d2259fc750781232efbc6d25841.jpeg']
7509903583040228666,出生啊！！！我的手机支架没了！！😭,1748535695,,['d8c777706f8d77836a7547e757be3d88.jpeg']
7509905741956812090,😭😭😭😭😭🌿😭😭😭😭😭😭😭😭😭😭,1748536194,,['f79d4082226927eb530b186e50bcaa6a.jpeg']
7510511039299145020,端午安康！嘿嘿嘿🌝#张君雅1v4,1748677123,,['7e314711c843957f24ce5014029abbc1.jpeg']
7511796295863061818,这里这里！@誉儿⁸⁰⁰⁸ @誉品园,1748976387,,['5ba33009616736c7857f5e681bf1d85c.jpeg']
7512596375218900283,今天晚上知道演唱会失败，健美操擦边，金刚芭比被围攻，给我操心的。。。。#张君雅1v4,1749162659,,['e53e5f1c3887706a59d372f6db428cdd.jpeg']
7513478756200336699,@才圆圆⁸⁰⁰⁸ 今晚就先不叭叭你了吧🌝,1749368098,,['73086fee8d5e722732196f79d51cd643.jpeg']
7513850624573934906,嘴角的饭浪费了。。。。,1749454682,,['53a6654c519d882522f18caefc1f6dd0.jpeg']
7514265632503549241,嗨，就这美颜谁开谁明白！#张君雅1v4,1749551307,,['9dc13c8634f272c1d86b0c47d6cf0d67.jpeg']
7515164962286832955,刚忙完，给年度vip的签名照，让深情买的精美包装，做好总感觉哪里怪怪的。。。,1749760731,['016b451b177c5333b492cae225a42a45.webp'],['9d12c9409914fc1913f55ec47366d977.jpeg']
7517335376081800507,太奶昨年送的烤羊腿，里面两根，我一个人每次都舍不得吃，今天想吃发现！过期啦！啊啊啊啊啊啊啊啊啊啊！我这个不会享福的东西😭#张君雅1v4,1750266048,['7b9f2a6921b3b83df7aa2fe608ba1618.webp'],['a2e0eb32ec546a7cf89b5b13ad4c0a74.jpeg']
7519668351040965947,早知道不喝那杯9.9抢的咖啡了，这可咋办啊🫠,1750809227,['1f33ce8dbc0267f7785c4eb5c767ed73.webp'],['ac2e30e73a34bae68840d0d42feb7354.jpeg']
7521267610214812987,你们这一百个人，要记得我的好啊！关注我一辈子才行啊😭#张君雅1v4,1751181580,,['046d513e7d917267e8dfb6d8854694a6.jpeg']
7523521114132204860,下班连滚带爬的过来就已经这个点了，没有家属签字不知道能不能行🫠,1751706265,['b3fccc32e74b8657cf271ff0ddcb2b73.webp'],['c29b3b1dcbdc9f5e0b199fccb2f8b948.jpeg']
7525515120287157563,,1752170548,,['a8dfb2a7742a69cec8b0c5b5057fcd06.jpeg']
7527965091980348732,朋友们吃了吗#张君雅1v4,1752740960,,['169cc5beb7497b4067800b897c6552e3.jpeg']
7528473956061596986,先帮你们尝尝这无骨鸡爪好不好吃啊！（旁边荔枝树是小野猫摘了送的，汕尾特产是小狗熊送的，一箱零食是妞妞老婆送的，我是讨口子，哈哈哈哈）,1752859447,"['3259439563fb6067ad24a431b530a2b5.webp', '7f8b10621dbb95b6e225dbd28ca8532f.webp', '4477493dad4324de0027060623dcaaec.webp', '35c1b71711a2f6685b41cec33e236bc3.webp']",['a7d096727f647d5803d8d5a51198d1ee.jpeg']
7528533162403401018,她起不来那我也不冲了🌝睡了晚安💤,1752873246,['78dc41b2046d0e3c94862267718314fd.webp'],['62868e7a514ac52311f210c6c519b59a.jpeg']
7532417915477003577,神秘团！哈哈哈哈！某情截图都不会🙃#张君雅1v4,1753777715,['ca1fd62140d5de04975b7c6b74cd2e29.webp'],['a4c50fb14d23c88ba60946d9f2e795cd.jpeg']
7532554953258356026,这顿吃的素不是减肥，是太热了喜欢吃点凉的。。。4个肉松蛋卷，一个蛋，半瓶沙拉酱。#张君雅1v4,1753809626,,['23d36b5d1b1cd078648f103f977e5416.jpeg']
7533600427380788539,#张君雅1v4,1754053038,,['13ef8a0f1d7ea469b8a04782087c2e7a.jpeg']
7534454753574210874,不是想不起来叫啥，是根本不知道叫啥🫠#张君雅1v4,1754251971,,['0b873a746cdab79ab8ae7c6090bf9993.jpeg']
7534670239297097017,新裙子好看不！怕你们看不到连蹦两下！主包太宠了！,1754302124,,['9916527c70602fe998570530676ee781.jpeg']
7535296316165360954,我真想给他刀了！！！！！#张君雅1v4,1754447894,,['c3969b41a0a67ae0ed0aacf8f0b0d5f5.jpeg']
7536292887899016508,这特么的！满地都是拿抓！！！#和平精英 #张君雅1v4,1754679940,['93ee67b8ef50b26ab1ad24c422983e4c.webp'],['d7d110463ad34f7e249e2b9c4880f35d.jpeg']
7536858056790019388,原来不止我一个人拍到！快分享给你朋友，待会可能被下架了！#成都暴雨 #成都暴雨街头下的一幕,1754811517,,['7c8d927bedbece848ef284d6ff5ff586.jpeg']
7538534124786634042,反正就是很开心！谢谢大家！ #生日快乐 #张君雅1v4,1755201780,"['5ff2eedb65fae7a3f74c00f6f1f52740.webp', '9f699fcbd9075c6bb0e3f7f46ad2d74d.webp', 'c070833be77db85ef79aa9100d2697f7.webp', '1fdaeed2b8999e5e49d60affad56d889.webp']",['ed56268c6de4dfcea0f85aa9744697f7.jpeg']
7538885401416387897,今天忘记和大家一起吹蜡烛辣！发个视频祝所有宝子们生活跟我脸一样圆满！❤️#生日快乐 #张君雅1v4,1755283560,,['a332cd4e1090e755dd155c54f0633d1b.jpeg']
7539605479808421177,大家都来抢我的福袋吧，我很容易一送就送十多个手机的！🙃#张君雅1v4,1755451210,"['0f8370409bb0afbfeb916b78eda890c8.webp', '562823db894b5bd544d9de20c59d7d04.webp']",['666c472cb93d0e1974e8a04354601fe4.jpeg']
7541096371621825849,难过了,1755798333,['a526be664080b95a6e3e09207f5aa4b7.webp'],['f916cca66faa989ff94b2af8938edc01.jpeg']
7542848391178751291,民以食为天？@才圆圆⁸⁰⁰⁸ #张君雅1v4,1756206250,,['cd4f00af9e117198980c6812a28bf027.jpeg']
7543198245586210106,好像要直播才能拆。。。🫠#张君雅1v4,1756287705,,['aaf1b06cb1a5d9bfaf3c98b64fbe4d2c.jpeg']
7545027601523739961,每天这些中福袋的老北鼻们，中了有想娶我的，有去卡拉ok潇洒的，有写小作文的可爱妹妹，感谢方式千奇百怪🥲,1756713636,['77c0e3aea33729ec65ae7c42651e6ae4.webp'],['9330dd6ab21eae98d8028296ef514dd3.jpeg']
7545497635118239033,我穿的？想服务员吗？？？#张君雅1v4,1756823074,,['2bdf9e8fd358e6ee926b6da5e8a2c6d5.jpeg']
7545479864058416443,两小时前刚起床家人们，一天没吃饭出来吃个菌汤火锅🥲#张君雅1v4,1756826100,,['ba784b4f6881e8a1fa01f5bba7323044.jpeg']
7545957509246487866,这钱我其实是不想挣得，就当交学费了吧@予大咪,1756930198,"['b85546ee7b0b43329a276c422dce38f1.webp', '8f4631b0a11c6f4958e49421b1499ca4.webp', 'f893d89057e9d2270dc043c7c6c22265.webp', '9ee2725e41aec95b155799efac270c9a.webp']",['f776377b7842832ad50b42167a9d1af2.jpeg']
7546178035076205882,#张君雅1v4,1756981492,['2faf20feae0a79083f4e5a119d175cd6.webp'],['bcf091898f9b50691673342094037dc5.jpeg']
7548163648980520249,医院山对假车库那个人，我想跟大家解释，我把他队友打了想补的，他直接站出来，漏出来死噶一帧秒我满血一点没掉！正常是能做到，可能是神经枪三枪头。但是他只打了我一枪头，因为我的头就坏了一点点。死噶（还是m4记不清了伤害都一样）一帧秒怎么可能！但是后面局哥又把他打了，我知道我讲啥都多余了。好多带粉丝灯牌的都质疑我，因为秒了我，我就和队友说不对劲。后面被局哥打了，大家好像真相大白一样，一边倒觉得我可能搞错了黑子也是更来劲了。我当时也只能退步说，可能是个小高手吧。和平精英挺好玩的，只要你多玩多学习理解，哪怕枪法反应不好，也可以和队友配合运营吃鸡。#张君雅1v4,1757443817,['5b6adccea4dbc039dd87271cfe1b2762.webp'],['16ee6040bd53e195875f06db81118abc.jpeg']
7550027397946314043,想找到接下来银绳的意义。,1757877756,['33852fec7976ee099d5d6a95fec2261d.webp'],['3d5a0e92c7a6f34156b44630b1b50db0.jpeg']
7550246408755760442,快递堆的比我人都高，走一路掉一路，两个大哥看见了说我帮你捡吧，我说谢谢，人家没走两步又掉了。。。就这样一走一捡的快干小区门口了，实在不好意思把我的劲仔小鱼干给他们送了一袋（总掉的那两包你们猜猜是啥🙃）,1757928737,['f3ece4aa9f8c44ffe41666b55dc9da65.webp'],['589b64eb5b13c61ea1b808962426836f.jpeg']
7550784823570353466,够用！#张君雅1v4,1758054120,,['4bec2ca0dd5bf7109ab74d687feea4fb.jpeg']
7552144767007313210,最后一杆，真的最后一杆就回来直播了！,1758370730,['1a8b454c3abeb20f91720e1148b42d23.webp'],['5c0a62d5121ba2968beacc1a5538c31e.jpeg']
7553617629527002425,我说认真的！#张君雅1v4,1758713658,,['26e1241c65f82f2f5872c060a103c984.jpeg']
7553705407354588454,#张君雅1v4,1758734119,,['9538dd33673165f1afc993d5f51fb0bf.jpeg']
7555056799675436345,黑子把嘴掰开！！！回答我！！！#张君雅1v4,1759048740,['b1b8fca1ac0dcec4ecc11c90e7db5918.webp'],['e9663a50a09c8b41de211890eb1beae8.jpeg']
7555589431848701244,好喜欢放假，啥时候能放半个月就好了🥹,1759172769,['8ddbfe1621ba1305b9d678981c18d6cc.webp'],['21ab861839dd5cd943d9d2ff581e1cf7.jpeg']
7555833842822843706,挺满足了#户外钓鱼 #张君雅1v4,1759229660,,['4d3029cec3cd761f93fa3aac10c0a0ae.jpeg']
7555929674367569212,兄弟们帮我找一下黑子的嘴#张君雅1v4,1759251975,['508a5f0ed6134c9bcd60f82d93691753.webp'],['5e47ef8b3284dc75cfedc68138d5e6ed.jpeg']
7558083779048213820,18斤大老鼠原来是这样的。。。#张君雅1v4,1759753513,,['d982f8fb3aa89c4f85962b2d6733dd5e.jpeg']
7559167599070891321,请问这个保质期是多久呀。。。舍不得用，今天收拾屋子怕过期了想知道但看不来。🥲,1760005862,['b4100ab894c1b630bc2de8d3a750df06.webp'],['08e6db77564be202fee87ef7cf646d46.jpeg']
7560230028711431484,,1760253228,,['9578f97160be07e1d90574b2b883efd9.jpeg']
7560954743410675002,大家要照顾好纪己！,1760421965,,['9713a2060c8701f5606661f6949fc8ea.jpeg']
7561398182997216569,扛不住了兄弟们，配点药吃。#张君雅1v4,1760525210,,['8ff6b20964346088ebf9244e0a2db630.jpeg']
7563661209305910587,感冒没严重，说错了，是还没好的迹象，依旧头疼流鼻涕，明天不行就去输液了，不会影响直播太多的！宝们放心吧！🥹#提升幸福感好物,1761052110,,['aa722996d5162eb999b751f8c6cb5396.jpeg']
7564040273380281658,开不开机，大家能看出来原因吗？真哭了，终于试播好好的，转头给我来这死出。😭#张君雅1v4,1761140370,['053021bae27ebaaaf8b39b1777bdba8d.webp'],['93f29e6dbfbd4a29fe28b4f687f32c88.jpeg']
7566591948858494949,不是所有的努力都有收获，比如这个大爷，比如，我！！！！#张君雅1v4 #钓鱼人,1761734478,['bb56df7bc75f6b87b769a80e0ef0ecc1.webp'],['b64d8134f8d36cbceca1da5da372f53b.jpeg']
7567445972013083642,愷琪这个号咋没有具体的举报数学啊？是写不下了吗？你们有吗发出来看看呢。#张君雅1v4,1761933351,['75387d6c2c53d417cedf0e22149fea72.webp'],['67c7d3c63ae4b3fc072ad0275d411b43.jpeg']
7567673666047089009,太好了，又上当了#张君雅1v4,1761986339,,['cc421e72e242a7c097afc7ebf4604070.jpeg']
7568026319049923953,挣这点钱不是在焦虑抑郁就是在挂号看病，蒜鸟蒜鸟。#张君雅1v4,1762068445,['bf78f9429cf78c0e397267917af1ac8f.webp'],['14df6facb0fb527495dde23d7c6196be.jpeg']
7568286118178423921,抢到号啦，去医院啦~#张君雅1v4,1762128935,,['cefda6e005629730218cacbc4b3bef26.jpeg']
7571392791009550693,cpdd！真没p，我本人就像这样！🌝#张君雅1v4,1762852262,['1f284953066968c821ffc5577dc67f0f.webp'],['7d8ef54d36d856f7fa46d460e4b74cf4.jpeg']
7571747181229740794,无论大家为何而来，为何而走又为何而留，只要你们需要我永远都在，黑风寨永远都在。希望能陪你走过一段非常开心的路，或长或短或永远！❤️,1762934774,,['84e15abe574003aa7411f07f14762838.jpeg']
7572099554830471857,😭家里待不下去了，出去钓鱼了。。。#张君雅1v4,1763016816,,['f484ac065d5f49cd79579e5ef28ba4d6.jpeg']
7572847755443279269,宇宙之心2.0❤️#张君雅1v4,1763191022,,['d11fadfb56c3e8e77dec40e13d7c813f.jpeg']
7574080245297833125,Ber？今天！怎么！可以！这么！冷啊？？？！！！我宣布，我要开地暖了！🥲,1763477982,['7f2e6cf6654cde0236fef035dcf2585b.webp'],['45bf5ba2d74e0f63b22a520e3fde0e75.jpeg']
7574722431823744251,黑子张嘴！说话！#张君雅1v4,1763627505,['651d26e9794931fa6b6b43205c2adf87.webp'],['7d93e45b4e0d2e58c33ccac79115b227.jpeg']
7575874445581119665,避雷！！！大家冬天千万别去泡温泉！！！我朋友泡完温泉长了对猫耳朵！#张君雅1v4 #才圆圆,1763895726,,['9f6f5ea17de47bdc392230d468153101.jpeg']
7576240764138371825,等我养会了，还怕没鸡吃？#张君雅1v4,1763981018,,['e38094d3238196f2a291acb1e2037008.jpeg']
7577705191517428849,大吉大利，今晚吃鸡！#张君雅1v4 #萌宠 #芦丁鸡,1764321983,,['17636807ff11abe3f4c8ab33a939aac2.jpeg']
7578082718652005349,我能坐这儿看一天，估计那天腻了就烧烤了#张君雅1v4,1764409879,,['c0655f5ced4a239da9cff59600b9fc6f.jpeg']
7578411806260326513,😭,1764486503,,['f9a08b40d73ce8c6fe8f5a300940c19f.jpeg']
7579226619912145329,飞舞诡秘自助吃两盘水果吃饱了，2025年12月2日合影留念。@乔柒 #张君雅1v4,1764676218,,['21a6e500f4caa71b8225f2c6f020ad2a.jpeg']
7579681828153297403,好次！#美食 #张君雅1v4,1764782229,,['7fc55910df0b829e56525d9d9e26a7c7.jpeg']
7580426225308039033,谢谢大家让我打进“小区”前十！不知道有没有机会再往前面冲！我会继续努力的！#张君雅1v4,1764955531,,['fd973b106d68627925430f401e2eaac7.jpeg']
7580805778988487025,快艾特你老婆给你买帝王蟹吧！#张君雅1v4,1765043920,,['028001bab31ffb334557afcbe236f5c3.jpeg']
7581870953401290033,能守住吗？,1765291898,['3c6a58fda078d3900daa09e817a1ecfc.webp'],['6be3f2b3c87fd7d60aebd8e6acdcc784.jpeg']
7582138564684926245,黑风寨，明年再战啦！还有很多很多散票写不下啦！都要好好在一起，都要发大财哟！21号还有个宠粉赛，咱们到时候看看战况，看看可否再试一次！#张君雅1v4,1765354217,,['9c888f4c4eaf628713f0f3e0857402ba.jpeg']
7583246089808809265,天天嚷着吃奶粉啊🥹心疼又不想溺爱…#萌宠 #张君雅1v4,1765612087,,['7747d7a651a89af80f338c9e6d18aa7b.jpeg']
7584029771841097009,领服饰币快冲！#和平精英 #张君雅1v4,1765794551,,['6e2070ff5d56f5d881dc9473b3ea0230.jpeg']
7585272332757273905,想看的扣1，点赞超2000我就发🌝#张君雅1v4,1766083996,,['24a7dd133a81712861a658f354c9d21e.jpeg']
7585543948756700470,一秒都没减快看，@予大咪（苦练手搓版） 要真实我！,1766147125,,['b01626c99354e1561e3dcb84ef56bdf5.jpeg']
7588554402790760305,走向国际了！#张君雅1v4,1766848011,,['6c0bae703c229582efa56f31d4e45f25.jpeg']
7589330715935930233,好好次~配送了好久，馋死我了#张君雅1v4,1767028766,,['d2edb520614fcecdd22b793fd73730eb.jpeg']
7590420800285813434,这不扯犊子吗,1767282561,,['cd72c40681c3701422075aab1e113d8c.jpeg']
7590429551584542373,嘻嘻。。。#张君雅1v4,1767284604,,['e514f7e14e4985fe817a3ca44aa34c1c.jpeg']
7590846021770202609,你吃吧，我没胃口。#张君雅1v4,1767381576,,['b3ddeb20466d95f6df906906374a78fb.jpeg']
7596891557152969459,崩溃了,1768789153,,['47e1269c7a32bf52b5646b06f8340795.jpeg']
7597137548649862769,一定是卡bug了，一定是的，哈哈哈哈，肯定是卡了，哈哈哈哈哈哈,1768846431,['5e1a273415b83853dab2b84923813d0d.webp'],['dd371fd910ad62bbb54a7614191c4e00.jpeg']
7597347286225631409,还有轻微鼻炎啊，鼻炎治不好啊，我不想得鼻炎，55555…医生让我饮食清淡，增强免疫力。我免疫力太差了。#张君雅1v4,1768895259,,['d4403d0676ddfdd4268d5ad80118f12f.jpeg']
7597388357547118235,手机太卡了，拍视频都闪退，吃的过程拍没了,1768904822,,['8cd1a60ba0fa328d24f82853db115737.jpeg']
7601191260158861305,这个赛季就到这里吧，又一起打完一个赛季啦宝汁们！真心感谢@Leno Huang 哥的支持！奖励自己馄饨一碗！哈哈哈#张君雅1v4,1769790264,"['3d382d448031798d66bf28059a576ea2.webp', '5470a2b62400b41ae8bd450ed067ae46.webp', '5d13d672e3c402a9c98acfcf20924720.webp']",['dcf8d281500dd622c15500667dcb7f68.jpeg']
7601284584450489529,看，一个能打的都没有，那我睡了哈！#张君雅1v4,1769811992,['09b9a0a781718a0ecc5716bc83e347f4.webp'],['5ee13a67ea1b2ee7ee5d5510507d3ec1.jpeg']
7602592681696755185,又牛鼻雪了了，我都斥巨资买了台加湿器了还干啊？！？#张君雅1v4,1770116549,['5d61a35a38db2e9461cf3f4fbc179667.webp'],['e96249a135667fc48d8daffea8af0517.jpeg']
7604537501063667621,我说他明天要请假吧🙃,1770569365,,['5ad7951f17bba7c8224e02912708e364.jpeg']
7607024290999371002,给我的年夜饭开了个会！#张君雅1v4,1771148368,,['4f819390dc110a6b1eac39608d77927e.jpeg']
7607405782813441393,给我看看你们都吃的啥好吃的呀！祝大家除夕夜快乐！！#张君雅1v4,1771237186,,['19bc0a529b3e9228eb55a142ac4b6b60.jpeg']
7607775162029418469,携我女儿给大家拜年了！祝大家新年快乐！身体健康！马年暴富！#张君雅1v4,1771323190,['764f87a400e27acb766de2e7a6105ccb.webp'],['2a7b663c9e54a39cd14e26e600631ebe.jpeg']
7611119874355018853,我不记得12年，我不想记得。一言不合就玩尬的这谁受得了。。。🥲,1772101940,,['1719bf55165631e91f8360b23376a338.jpeg']
7612948256855177649,粉丝先吃！#张君雅1v4,1772527643,,['8ee91948eb08ef5e3f55de6a2e02391c.jpeg']
7612953623395664113,看懂的人写800字检讨交我办公室！#张君雅1v4,1772528893,['95952bb3ea5d548f0c7a7dd82c66d0a3.webp'],['7b66df0f5c38714602ac037651e83f53.jpeg']
7615217396639228529,老板信任给我控号，我给老板领了一个蜜雪冰城的9折券！感谢扑总的支持！#张君雅1v4,1773055968,['9a2e2716d93d09a50266799acd4f58a3.webp'],['495a8c79fd07e375fd84dedc2083e9c6.jpeg']
7616789594936209585,这是我的小鸡，我吃啥他都尝一口。。。,1773422028,,['765dd1599e766f5fb3390c0c44d0c477.jpeg']
7620514013474295418,放心吧兄弟们，安排了！#张君雅1v4,1774289185,['7df8f00d56cfe599530e8b9c09c2ec45.webp'],['3f61ff5386182f4ea8fd2f71cb767951.jpeg']
7622614670629050033,我们第一！,1774778280,,['3ec05a562ddd488b3985d633f5736b84.jpeg']
7623179719697457849,三周年vip直播间的幸运宝贝们，你们的“张老黑”睡醒就发走啦，注意查收哦！#张君雅1v4,1774909842,['3aadd77f3d1183edce25074204750f81.webp'],['a1521833ce7be981c623e8581b0ab4dc.jpeg']
7624581934820144074,有人跟我抢饭吃！#张君雅1v4,1775236321,,['3bc017d0c13b8754ae76b85398c2275d.jpeg']
7626441345066862705,他看着晕倒在地上的妻子，拉走了正在摇晃母亲的孩子，离开了。让天生凉薄自私的人作为你的伴侣该是多么可怕的事情。不是所有的人心都是肉做的，不是所有人都是体面人。这个世界多的是恶心人的东西，但你要阳光灿烂的过好每一天，不要压抑自己，有什么大不了的？不特么要了还不行？,1775669248,['b17b4841b71bb849be97d7e9cc5460ea.webp'],['5dbc4c6932fbfc6410e7ef1a0fc341c3.jpeg']
7626903451326583537,,1775776841,['c06ed58f5d1d0aff644e56754a36872a.webp'],['ca6c106c87964edb69d59157d6f94478.jpeg']
7627558294349234875,@深情（张君雅助理）,1775929308,['803d8edfc7f36a9e1103f62e0198d6aa.webp'],['bcaa21e49efe3c84f3bd1376dc2f1c30.jpeg']
